name,gsr_y,dvars_vstd,fd_mean,fber,tsnr,snr,mriqc_fail
sub-s553_WATT3,25.308673858642575,3.131387700440944,0.0305546764284372,0.1376854076449666,0.9587460959418606,20216.349609375,1
sub-s553_twoByTwo,35.50310134887695,3.133730441655486,0.0276804994791746,0.0752992633057994,0.99732820621963,24183.974609375,1
sub-s553_CCTHot,36.257293701171875,3.081534792329977,0.0305509679019451,0.0647620745798363,0.9923399790306124,21807.720703125,1
sub-s553_stopSignal,44.34086608886719,3.1787864366566674,0.0273336730897426,0.0607873820557421,0.977579279609375,28153.224609375,1
sub-s553_ANT,45.000274658203125,3.164277366528573,0.0301907137036323,0.0653005503143081,0.9918540151291518,23563.615234375,1
sub-s649_WATT3,21.47153663635254,3.8345181867186766,0.0498634465038776,0.2291975431568652,0.9202628291739556,9646.4013671875,1
sub-s649_twoByTwo,21.47153663635254,3.8345181867186766,0.0498634465038776,0.2291975431568652,0.9202628291739556,9646.4013671875,1
sub-s445_stroop,35.597965240478516,3.174472132029074,0.0458613894879817,0.0799306013049684,1.0485971413609465,7873.73193359375,1
sub-s445_stopSignal,39.96080780029297,3.4883968245763577,0.0316088050603866,0.0630205822402083,0.981919437571702,9847.5673828125,1
sub-s445_ANT,37.58336639404297,3.6118908555020024,0.0283468011766672,0.0697013647466934,0.9962506177297308,8965.298828125,1
sub-s445_CCTHot,23.457183837890625,3.325454320495233,0.0340081043541431,0.1984304279193806,0.9549033245901634,8713.4140625,1
sub-s445_WATT3,33.713653564453125,3.545579988470801,0.0301400870084762,0.1105403170814848,1.0166481536236385,9878.3603515625,1
sub-s445_twoByTwo,26.186424255371097,3.455667360823672,0.0328409783542156,0.0766990508586838,0.9402030695335274,8423.9423828125,1
sub-s445_DPX,33.115848541259766,3.4727053833402572,0.0372581183910369,0.0815333807993569,0.9696646943880324,11073.84765625,1
sub-s445_discountFix,34.670326232910156,3.500778825282968,0.0370236672461032,0.0751780384412671,0.9732855297505424,11292.9873046875,1
sub-s445_motorSelectiveStop,31.599037170410156,3.459946405736511,0.0369854755699634,0.07886525114473,0.9449865137029508,11404.328125,1
sub-s607_WATT3,37.657257080078125,3.2104008509696564,0.0495722778141498,0.0571481565009654,0.9870568820165756,12349.0341796875,1
sub-s607_twoByTwo,34.296607971191406,3.2605846667390916,0.0475236847996711,0.0556667606715159,0.9672905771234198,12298.416015625,1
sub-s607_stopSignal,43.57053756713867,3.302169436970615,0.0430840216577053,0.0536173762315021,0.9721920108447928,13631.2197265625,1
sub-s607_CCTHot,39.06196594238281,3.2262534862172845,0.0477456972002983,0.0516112810522254,0.9683696676960788,12070.220703125,1
sub-s582_twoByTwo,25.453527450561523,3.55268412730176,0.0308707039803266,0.1896348244551194,0.9424797974829936,5790.16943359375,1
sub-s582_stopSignal,36.95709609985352,3.4831932220209705,0.0275197625160217,0.1040341914321809,0.9881693311023624,5868.96875,1
sub-s582_ANT,29.503463745117188,3.51530559528073,0.0315473787486553,0.2201505570322666,1.0290019577777778,6548.7138671875,1
sub-s582_WATT3,39.23611831665039,3.4029183192764307,0.026187302544713,0.1064071326768509,0.991689077553366,6603.1669921875,1
sub-s582_CCTHot,32.94886016845703,3.538482041820089,0.0286456309258937,0.1327892740689697,1.0978365881662266,6245.416015625,1
sub-s373_stopSignal,16.456850051879883,2.202183011248142,0.1292544603347778,0.0679081788016743,0.8842168121230161,574.6533203125,1
sub-s373_ANT,27.41010856628418,2.202882921805057,0.1077911332249641,0.0646089779949432,0.9894106968566178,834.7816772460938,1
sub-s373_twoByTwo,21.724355697631836,2.253472422276469,0.1061077415943145,0.0691480633736023,0.9644317183867832,669.296875,1
sub-s373_WATT3,22.102672576904297,2.265101930563083,0.1050518974661827,0.0794480316218494,0.9854030083235652,690.6632080078125,1
sub-s373_CCTHot,17.86014175415039,2.2029508660490453,0.1175735220313072,0.0678648642037365,0.8910123283566419,614.1348266601562,1
sub-s619_twoByTwo,29.19495010375977,2.5154991273428267,0.1882215440273285,0.0946673591389933,0.9811073001601596,1574.0892333984375,1
sub-s619_ANT,30.796262741088867,2.493422837573391,0.1907234340906143,0.0849815837591708,0.9845347820315236,1555.59033203125,1
sub-s619_discountFix,25.624780654907227,2.707134673435484,0.1839467585086822,0.0690048857888121,0.9633389502609608,1406.306640625,1
sub-s619_motorSelectiveStop,24.8177547454834,2.684276735891491,0.1862473040819168,0.0728947973548395,0.9661833725153374,1385.6256103515625,1
sub-s618_DPX,20.51670837402344,2.733744905684236,0.0761105790734291,0.0922216462312146,0.9789624022665452,1381.729736328125,1
sub-s618_motorSelectiveStop,21.62953758239746,2.6938746386290866,0.0881727561354637,0.087620644224263,0.9216757333875898,1028.5035400390625,1
sub-s499_ANT,22.61484718322754,3.205498778705682,0.0462475828826427,0.1296218696598679,1.044718069578754,8710.7587890625,1
sub-s499_CCTHot,16.023395538330078,3.1452409728670165,0.0493088662624359,0.144583651451975,1.4136271765217392,4925.12109375,1
sub-s499_twoByTwo,27.06477928161621,3.209508394909256,0.0467550121247768,0.0956098287135839,0.9806758655102056,8648.73046875,1
sub-s499_WATT3,12.883880615234377,3.1799139656872613,0.0490900352597236,0.2743278789147578,0.9457455655886342,3295.213623046875,1
sub-s499_stopSignal,28.062767028808594,3.205394924019601,0.0445947833359241,0.1051618414382732,1.1113006008187143,7815.3076171875,1
sub-s588_ANT,33.915550231933594,3.820399325994141,0.027606975287199,0.1661580748571528,0.9946429232457784,3787.202880859375,1
sub-s588_stopSignal,38.11918258666992,3.841786962824156,0.027894701808691,0.1882442714402625,0.9900089839005732,4082.689208984375,1
sub-s588_CCTHot,32.79967498779297,3.761361398980703,0.0306534375995397,0.1464709937408506,0.9777629915642982,3679.1630859375,1
sub-s588_WATT3,33.86787414550781,3.809926723770905,0.0302424300462007,0.1464964823682087,0.9765173606519054,3779.076416015625,1
sub-s588_twoByTwo,31.327558517456055,3.8478296504488103,0.02762171626091,0.1906767738124306,0.9598191026934374,3708.628173828125,1
sub-s588_DPX,28.05069351196289,4.036816177655203,0.0321118831634521,0.1457058075199275,0.981878877162284,6336.4775390625,1
sub-s588_motorSelectiveStop,29.419946670532227,4.070499715295176,0.0319145396351814,0.1710588994200372,0.9870925971881396,6239.35595703125,1
sub-s588_stroop,31.327411651611328,3.992636580902987,0.0318595506250858,0.1383070257155599,0.9732006386982256,6181.0078125,1
sub-s588_discountFix,25.973636627197266,4.072292691725365,0.0332247987389564,0.2228072267888203,0.9934557577489176,5787.82958984375,1
